{
  "rows": 2000000,
  "repeat": 2,
  "runs": [
    {
      "cores": 1,
      "median_s": 0.6037980050000442,
      "speedup": 1.0
    },
    {
      "cores": 2,
      "median_s": 0.5704133254998851,
      "speedup": 1.059
    },
    {
      "cores": 4,
      "median_s": 0.5931148030003897,
      "speedup": 1.018
    }
  ]
}