{
  "master": "local[2]",
  "repeat": 2,
  "runs": [
    {
      "rows": 100000,
      "median_s": 0.5876539304999824,
      "throughput_rows_per_s": 170168.1803011492,
      "times": [
        0.6694430229999853,
        0.5058648379999795
      ]
    },
    {
      "rows": 500000,
      "median_s": 0.5537014229998931,
      "throughput_rows_per_s": 903013.7529556187,
      "times": [
        0.6325069319991599,
        0.47489591400062636
      ]
    },
    {
      "rows": 1000000,
      "median_s": 0.4893285059997652,
      "throughput_rows_per_s": 2043616.8907774196,
      "times": [
        0.5653012880002279,
        0.4133557239993024
      ]
    },
    {
      "rows": 2000000,
      "median_s": 0.45317954900019686,
      "throughput_rows_per_s": 4413261.817335741,
      "times": [
        0.5266172190003999,
        0.3797418789999938
      ]
    }
  ]
}